src,workspace,eventType,type,loadTime,DataType,MacId,Url,SessionId,accountName,Ref,clientdate
https://pixel.staging.datalivemarketing.com.br/api/pixel/107?t=pageview&dl=https%3A%2F%2Fwww.cea.com.br%2Fofertas%2Fofertas-por-24-horas&dr=https%3A%2F%2Fwww.cea.com.br%2F&sr=1920x1080&vp=956x971&dt=Ofertas%20por%2024%20horas%3A%20Roupas%2C%20Cal%C3%A7ados%20e%20Acess%C3%B3rios%20%7C%20C%26A&cid=0da3cff6-d6bd-49b8-bea4-0175aed837c8&cd1=1198259706.1723123837&cd2=1727802535041.h96hnra8&cd3=2024-10-01T14%3A08%3A55.41-03%3A00&cd5=undefined&cd6=undefined&cd7=undefined&cd8=%7B%7D&cm1=undefined&cm2=undefined,master%3A-,mediaRequest,image,572,Event,66c87aa0-30c1-456c-8b12-97b5966963d6,https://www.cea.com.br/ofertas/ofertas-por-24-horas,6628a69a-e98b-4d97-b1ab-1853a88acd6e,cea,https://www.cea.com.br/,1.727802535645e+12
https://s3-sa-east-1.amazonaws.com/frame-image-br/bg.png?x-id=1e5b2f01f80e9f8464ed1ebb6d57ba73&x-r=https://www.cea.com.br/&x-s=https://www.cea.com.br/ofertas/ofertas-por-24-horas,master%3A-,mediaRequest,image,116,Event,66c87aa0-30c1-456c-8b12-97b5966963d6,https://www.cea.com.br/ofertas/ofertas-por-24-horas,6628a69a-e98b-4d97-b1ab-1853a88acd6e,cea,https://www.cea.com.br/,1.727802555097e+12
https://cea.vtexassets.com/arquivos/ids/58915148-300-360?v=638591746660030000&width=300&height=360&aspect=true,master%3A-,mediaRequest,image,101,Event,66c87aa0-30c1-456c-8b12-97b5966963d6,https://www.cea.com.br/ofertas/ofertas-por-24-horas,6628a69a-e98b-4d97-b1ab-1853a88acd6e,cea,https://www.cea.com.br/,1.727802555105e+12
https://cea.vtexassets.com/arquivos/ids/58559761-300-360?v=638490725476530000&width=300&height=360&aspect=true,master%3A-,mediaRequest,image,98,Event,66c87aa0-30c1-456c-8b12-97b5966963d6,https://www.cea.com.br/ofertas/ofertas-por-24-horas,6628a69a-e98b-4d97-b1ab-1853a88acd6e,cea,https://www.cea.com.br/,1.727802555112e+12
https://cea.vtexassets.com/arquivos/ids/58524498-300-360?v=638479456001770000&width=300&height=360&aspect=true,master%3A-,mediaRequest,image,98,Event,66c87aa0-30c1-456c-8b12-97b5966963d6,https://www.cea.com.br/ofertas/ofertas-por-24-horas,6628a69a-e98b-4d97-b1ab-1853a88acd6e,cea,https://www.cea.com.br/,1.727802555117e+12
https://cea.vtexassets.com/arquivos/ids/58716723-300-360?v=638533867412770000&width=300&height=360&aspect=true,master%3A-,mediaRequest,image,98,Event,66c87aa0-30c1-456c-8b12-97b5966963d6,https://www.cea.com.br/ofertas/ofertas-por-24-horas,6628a69a-e98b-4d97-b1ab-1853a88acd6e,cea,https://www.cea.com.br/,1.727802555123e+12
https://cea.vtexassets.com/arquivos/ids/50712745-300-360?v=637683872837970000&width=300&height=360&aspect=true,master%3A-,mediaRequest,image,98,Event,66c87aa0-30c1-456c-8b12-97b5966963d6,https://www.cea.com.br/ofertas/ofertas-por-24-horas,6628a69a-e98b-4d97-b1ab-1853a88acd6e,cea,https://www.cea.com.br/,1.727802555131e+12
https://cea.vtexassets.com/arquivos/ids/58476202-300-360?v=638453511596470000&width=300&height=360&aspect=true,master%3A-,mediaRequest,image,100,Event,66c87aa0-30c1-456c-8b12-97b5966963d6,https://www.cea.com.br/ofertas/ofertas-por-24-horas,6628a69a-e98b-4d97-b1ab-1853a88acd6e,cea,https://www.cea.com.br/,1.727802555141e+12
https://ad.doubleclick.net/activity;register_conversion=1;src=4913336;type=invmedia;cat=npcihrye;ord=8573603966359;npa=0;gclaw=EAIaIQobChMIs_b0ufzqiAMV9tbCBB3W_xMXEAAYASAAEgJbvvD_BwE;gac=UA-13088833-72%3AEAIaIQobChMIwrTsoLSpiAMVnRetBh04CxEvEAAYASAAEgJJBvD_BwE;auiddc=1458210504.1723123837;u8=undefined;ps=1;pcor=335430403;uaa=x86;uab=64;uafvl=Google%2520Chrome%3B129.0.6668.58%7CNot%253DA%253FBrand%3B8.0.0.0%7CChromium%3B129.0.6668.58;uamb=0;uam=;uap=Linux;uapv=6.10.10;uaw=0;frm=0;gtm=45fe49u0v9181660637z8830842906za201zb830842906;gcs=G111;gcd=13t3t3l3l5l1;dma=0;tag_exp=101671035~101686685~101747727;epver=2;~oref=https%3A%2F%2Fwww.cea.com.br%2Fofertas%2Fofertas-por-24-horas?,master%3A-,mediaRequest,image,432,Event,66c87aa0-30c1-456c-8b12-97b5966963d6,https://www.cea.com.br/ofertas/ofertas-por-24-horas,6628a69a-e98b-4d97-b1ab-1853a88acd6e,cea,https://www.cea.com.br/,1.727802555808e+12
https://pubads.g.doubleclick.net/activity;xsp=168526;ord=9890511272423.25?,master%3A-,mediaRequest,image,306,Event,66c87aa0-30c1-456c-8b12-97b5966963d6,https://www.cea.com.br/ofertas/ofertas-por-24-horas,6628a69a-e98b-4d97-b1ab-1853a88acd6e,cea,https://www.cea.com.br/,1.727802555838e+12
https://www.google.com/pagead/1p-user-list/860685232/?random=1727802554730&cv=11&fst=1727802000000&bg=ffffff&guid=ON&async=1&gtm=45be49u0z8830842906za201zb830842906&gcd=13t3t3l3l5l1&dma=0&tag_exp=101671035~101686685~101747727&u_w=1920&u_h=1080&url=https%3A%2F%2Fwww.cea.com.br%2Fofertas%2Fofertas-por-24-horas&ref=https%3A%2F%2Fwww.cea.com.br%2F&hn=www.googleadservices.com&frm=0&npa=0&auid=1458210504.1723123837&uaa=x86&uab=64&uafvl=Google%2520Chrome%3B129.0.6668.58%7CNot%253DA%253FBrand%3B8.0.0.0%7CChromium%3B129.0.6668.58&uamb=0&uam=&uap=Linux&uapv=6.10.10&uaw=0&fledge=1&data=ecomm_pagetype%3Dother%3Bads_data_redaction%3Dtrue&rfmt=3&fmt=3&is_vtc=1&cid=CAQSKQDpaXnfJJovionD5Ivd0cd3WJRPzrr3UXpUpYHh4MY3ALTA70kXh4CE&random=293062&rmt_tld=0&ipr=y,master%3A-,mediaRequest,image,223,Event,66c87aa0-30c1-456c-8b12-97b5966963d6,https://www.cea.com.br/ofertas/ofertas-por-24-horas,6628a69a-e98b-4d97-b1ab-1853a88acd6e,cea,https://www.cea.com.br/,1.727802555899e+12
https://www.google.com.br/pagead/1p-user-list/860685232/?random=1727802554730&cv=11&fst=1727802000000&bg=ffffff&guid=ON&async=1&gtm=45be49u0z8830842906za201zb830842906&gcd=13t3t3l3l5l1&dma=0&tag_exp=101671035~101686685~101747727&u_w=1920&u_h=1080&url=https%3A%2F%2Fwww.cea.com.br%2Fofertas%2Fofertas-por-24-horas&ref=https%3A%2F%2Fwww.cea.com.br%2F&hn=www.googleadservices.com&frm=0&npa=0&auid=1458210504.1723123837&uaa=x86&uab=64&uafvl=Google%2520Chrome%3B129.0.6668.58%7CNot%253DA%253FBrand%3B8.0.0.0%7CChromium%3B129.0.6668.58&uamb=0&uam=&uap=Linux&uapv=6.10.10&uaw=0&fledge=1&data=ecomm_pagetype%3Dother%3Bads_data_redaction%3Dtrue&rfmt=3&fmt=3&is_vtc=1&cid=CAQSKQDpaXnfJJovionD5Ivd0cd3WJRPzrr3UXpUpYHh4MY3ALTA70kXh4CE&random=293062&rmt_tld=1&ipr=y,master%3A-,mediaRequest,image,224,Event,66c87aa0-30c1-456c-8b12-97b5966963d6,https://www.cea.com.br/ofertas/ofertas-por-24-horas,6628a69a-e98b-4d97-b1ab-1853a88acd6e,cea,https://www.cea.com.br/,1.727802555971e+12
https://www.google.com/pagead/1p-user-list/954582568/?random=1727802554806&cv=11&fst=1727802000000&bg=ffffff&guid=ON&async=1&gtm=45be49u0z8830842906za201zb830842906&gcd=13t3t3l3l5l1&dma=0&tag_exp=101671035~101686685~101747727&u_w=1920&u_h=1080&url=https%3A%2F%2Fwww.cea.com.br%2Fofertas%2Fofertas-por-24-horas&ref=https%3A%2F%2Fwww.cea.com.br%2F&hn=www.googleadservices.com&frm=0&npa=0&auid=1458210504.1723123837&uaa=x86&uab=64&uafvl=Google%2520Chrome%3B129.0.6668.58%7CNot%253DA%253FBrand%3B8.0.0.0%7CChromium%3B129.0.6668.58&uamb=0&uam=&uap=Linux&uapv=6.10.10&uaw=0&fledge=1&data=ads_data_redaction%3Dtrue&rfmt=3&fmt=3&is_vtc=1&cid=CAQSKQDpaXnfwNWhh2aIpBKRHxF7SoZ1gW1YfyLaVe9fLWCZ11CajFN7PUDJ&random=3290745836&rmt_tld=0&ipr=y,master%3A-,mediaRequest,image,227,Event,66c87aa0-30c1-456c-8b12-97b5966963d6,https://www.cea.com.br/ofertas/ofertas-por-24-horas,6628a69a-e98b-4d97-b1ab-1853a88acd6e,cea,https://www.cea.com.br/,1.727802555985e+12
https://www.google.com.br/pagead/1p-user-list/954582568/?random=1727802554806&cv=11&fst=1727802000000&bg=ffffff&guid=ON&async=1&gtm=45be49u0z8830842906za201zb830842906&gcd=13t3t3l3l5l1&dma=0&tag_exp=101671035~101686685~101747727&u_w=1920&u_h=1080&url=https%3A%2F%2Fwww.cea.com.br%2Fofertas%2Fofertas-por-24-horas&ref=https%3A%2F%2Fwww.cea.com.br%2F&hn=www.googleadservices.com&frm=0&npa=0&auid=1458210504.1723123837&uaa=x86&uab=64&uafvl=Google%2520Chrome%3B129.0.6668.58%7CNot%253DA%253FBrand%3B8.0.0.0%7CChromium%3B129.0.6668.58&uamb=0&uam=&uap=Linux&uapv=6.10.10&uaw=0&fledge=1&data=ads_data_redaction%3Dtrue&rfmt=3&fmt=3&is_vtc=1&cid=CAQSKQDpaXnfwNWhh2aIpBKRHxF7SoZ1gW1YfyLaVe9fLWCZ11CajFN7PUDJ&random=3290745836&rmt_tld=1&ipr=y,master%3A-,mediaRequest,image,238,Event,66c87aa0-30c1-456c-8b12-97b5966963d6,https://www.cea.com.br/ofertas/ofertas-por-24-horas,6628a69a-e98b-4d97-b1ab-1853a88acd6e,cea,https://www.cea.com.br/,1.727802556018e+12
https://www.google.com/pagead/1p-user-list/860685232/?random=1727802554742&cv=11&fst=1727802000000&bg=ffffff&guid=ON&async=1&gtm=45be49u0z8830842906za201zb830842906&gcd=13t3t3l3l5l1&dma=0&tag_exp=101671035~101686685~101747727&u_w=1920&u_h=1080&url=https%3A%2F%2Fwww.cea.com.br%2Fofertas%2Fofertas-por-24-horas&ref=https%3A%2F%2Fwww.cea.com.br%2F&hn=www.googleadservices.com&frm=0&npa=0&auid=1458210504.1723123837&uaa=x86&uab=64&uafvl=Google%2520Chrome%3B129.0.6668.58%7CNot%253DA%253FBrand%3B8.0.0.0%7CChromium%3B129.0.6668.58&uamb=0&uam=&uap=Linux&uapv=6.10.10&uaw=0&fledge=1&data=ecomm_pagetype%3Dother%3Bads_data_redaction%3Dtrue&rfmt=3&fmt=3&is_vtc=1&cid=CAQSKQDpaXnfvp5NCvTgUUSkucGX_i7zO4McV0nu43D7dmCBYHcdFVRE3ykT&random=3212342141&rmt_tld=0&ipr=y,master%3A-,mediaRequest,image,235,Event,66c87aa0-30c1-456c-8b12-97b5966963d6,https://www.cea.com.br/ofertas/ofertas-por-24-horas,6628a69a-e98b-4d97-b1ab-1853a88acd6e,cea,https://www.cea.com.br/,1.727802556038e+12
https://www.google.com.br/pagead/1p-user-list/860685232/?random=1727802554742&cv=11&fst=1727802000000&bg=ffffff&guid=ON&async=1&gtm=45be49u0z8830842906za201zb830842906&gcd=13t3t3l3l5l1&dma=0&tag_exp=101671035~101686685~101747727&u_w=1920&u_h=1080&url=https%3A%2F%2Fwww.cea.com.br%2Fofertas%2Fofertas-por-24-horas&ref=https%3A%2F%2Fwww.cea.com.br%2F&hn=www.googleadservices.com&frm=0&npa=0&auid=1458210504.1723123837&uaa=x86&uab=64&uafvl=Google%2520Chrome%3B129.0.6668.58%7CNot%253DA%253FBrand%3B8.0.0.0%7CChromium%3B129.0.6668.58&uamb=0&uam=&uap=Linux&uapv=6.10.10&uaw=0&fledge=1&data=ecomm_pagetype%3Dother%3Bads_data_redaction%3Dtrue&rfmt=3&fmt=3&is_vtc=1&cid=CAQSKQDpaXnfvp5NCvTgUUSkucGX_i7zO4McV0nu43D7dmCBYHcdFVRE3ykT&random=3212342141&rmt_tld=1&ipr=y,master%3A-,mediaRequest,image,233,Event,66c87aa0-30c1-456c-8b12-97b5966963d6,https://www.cea.com.br/ofertas/ofertas-por-24-horas,6628a69a-e98b-4d97-b1ab-1853a88acd6e,cea,https://www.cea.com.br/,1.727802556047e+12
https://bat.bing.com/action/0?ti=5463815&tm=gtm002&Ver=2&mid=9b4c9698-a5f2-4e83-a05c-462b255223f8&sid=ba1ea9907f4011efa5610f69a2fce600&vid=65c11af0558a11ef83014df01f66bff2&vids=0&msclkid=N&pi=918639831&lg=pt-PT&sw=1920&sh=1080&sc=24&p=https%3A%2F%2Fwww.cea.com.br%2Fofertas%2Fofertas-por-24-horas&r=https%3A%2F%2Fwww.cea.com.br%2F&lt=2029&mtp=10&evt=pageLoad&sv=1&cdb=AQAQ&rn=839321,master%3A-,mediaRequest,image,623,Event,66c87aa0-30c1-456c-8b12-97b5966963d6,https://www.cea.com.br/ofertas/ofertas-por-24-horas,6628a69a-e98b-4d97-b1ab-1853a88acd6e,cea,https://www.cea.com.br/,1.727802560358e+12
https://bat.bing.com/action/0?ti=4020312&Ver=2&mid=c794e33f-0a1e-4891-9c6c-050918baecdd&sid=ba1ea9907f4011efa5610f69a2fce600&vid=65c11af0558a11ef83014df01f66bff2&vids=0&msclkid=N&pi=918639831&lg=pt-PT&sw=1920&sh=1080&sc=24&p=https%3A%2F%2Fwww.cea.com.br%2Fofertas%2Fofertas-por-24-horas&r=https%3A%2F%2Fwww.cea.com.br%2F&lt=2029&mtp=10&evt=pageLoad&sv=1&cdb=AQAQ&rn=866629,master%3A-,mediaRequest,image,693,Event,66c87aa0-30c1-456c-8b12-97b5966963d6,https://www.cea.com.br/ofertas/ofertas-por-24-horas,6628a69a-e98b-4d97-b1ab-1853a88acd6e,cea,https://www.cea.com.br/,1.727802560364e+12
https://cea.vtexassets.com/arquivos/header-logo-update.png,master%3A-,mediaRequest,image,12,Event,66c87aa0-30c1-456c-8b12-97b5966963d6,https://www.cea.com.br/ofertas/ofertas-por-24-horas,6628a69a-e98b-4d97-b1ab-1853a88acd6e,cea,https://www.cea.com.br/,1.727802560379e+12
https://cea.vtexassets.com/arquivos/framed-icon.png,master%3A-,mediaRequest,image,14,Event,66c87aa0-30c1-456c-8b12-97b5966963d6,https://www.cea.com.br/ofertas/ofertas-por-24-horas,6628a69a-e98b-4d97-b1ab-1853a88acd6e,cea,https://www.cea.com.br/,1.727802560382e+12
https://cea.vtexassets.com/arquivos/header-chat.png,master%3A-,mediaRequest,image,20,Event,66c87aa0-30c1-456c-8b12-97b5966963d6,https://www.cea.com.br/ofertas/ofertas-por-24-horas,6628a69a-e98b-4d97-b1ab-1853a88acd6e,cea,https://www.cea.com.br/,1.72780256039e+12
https://www.facebook.com/tr/?batch=1&events[0]=id%3D965913736790964%26ev%3DPageView%26dl%3Dhttps%253A%252F%252Fwww.cea.com.br%252Fofertas%252Fofertas-por-24-horas%26rl%3Dhttps%253A%252F%252Fwww.cea.com.br%252F%26if%3Dfalse%26ts%3D1727802557831%26sw%3D1920%26sh%3D1080%26v%3D2.9.169%26r%3Dstable%26ec%3D0%26o%3D4126%26fbp%3Dfb.2.1723123838749.455204681505729245%26ler%3Dempty%26it%3D1727802554332%26coo%3Dfalse%26eid%3D3610eafa-b049-41b0-9973-a531b8302b4a%26cdl%3D%26exp%3Df1&events[1]=id%3D965913736790964%26ev%3DPageView%26dl%3Dhttps%253A%252F%252Fwww.cea.com.br%252Fofertas%252Fofertas-por-24-horas%26rl%3Dhttps%253A%252F%252Fwww.cea.com.br%252F%26if%3Dfalse%26ts%3D1727802557874%26sw%3D1920%26sh%3D1080%26v%3D2.9.169%26r%3Dstable%26ec%3D1%26o%3D4126%26fbp%3Dfb.2.1723123838749.455204681505729245%26ler%3Dempty%26it%3D1727802554332%26coo%3Dfalse%26eid%3Ddfe0daa6-b442-4c71-aeef-f5a2a3994e2d%26cdl%3D%26exp%3Df3&rqm=GET,master%3A-,mediaRequest,image,123,Event,66c87aa0-30c1-456c-8b12-97b5966963d6,https://www.cea.com.br/ofertas/ofertas-por-24-horas,6628a69a-e98b-4d97-b1ab-1853a88acd6e,cea,https://www.cea.com.br/,1.72780256062e+12
https://www.facebook.com/privacy_sandbox/pixel/register/trigger/?id=965913736790964&ev=PageView&dl=https%3A%2F%2Fwww.cea.com.br%2Fofertas%2Fofertas-por-24-horas&rl=https%3A%2F%2Fwww.cea.com.br%2F&if=false&ts=1727802557831&sw=1920&sh=1080&v=2.9.169&r=stable&ec=0&o=4126&fbp=fb.2.1723123838749.455204681505729245&ler=empty&it=1727802554332&coo=false&eid=3610eafa-b049-41b0-9973-a531b8302b4a&cdl=&exp=f1&rqm=FGET,master%3A-,mediaRequest,image,286,Event,66c87aa0-30c1-456c-8b12-97b5966963d6,https://www.cea.com.br/ofertas/ofertas-por-24-horas,6628a69a-e98b-4d97-b1ab-1853a88acd6e,cea,https://www.cea.com.br/,1.72780256063e+12
https://www.facebook.com/privacy_sandbox/pixel/register/trigger/?id=965913736790964&ev=PageView&dl=https%3A%2F%2Fwww.cea.com.br%2Fofertas%2Fofertas-por-24-horas&rl=https%3A%2F%2Fwww.cea.com.br%2F&if=false&ts=1727802557874&sw=1920&sh=1080&v=2.9.169&r=stable&ec=1&o=4126&fbp=fb.2.1723123838749.455204681505729245&ler=empty&it=1727802554332&coo=false&eid=dfe0daa6-b442-4c71-aeef-f5a2a3994e2d&cdl=&exp=f3&rqm=FGET,master%3A-,mediaRequest,image,286,Event,66c87aa0-30c1-456c-8b12-97b5966963d6,https://www.cea.com.br/ofertas/ofertas-por-24-horas,6628a69a-e98b-4d97-b1ab-1853a88acd6e,cea,https://www.cea.com.br/,1.727802560639e+12
https://cea.vtexassets.com/arquivos/ids/58915147-300-360?v=638591746652530000&width=300&height=360&aspect=true,master%3A-,mediaRequest,image,16,Event,66c87aa0-30c1-456c-8b12-97b5966963d6,https://www.cea.com.br/ofertas/ofertas-por-24-horas,6628a69a-e98b-4d97-b1ab-1853a88acd6e,cea,https://www.cea.com.br/,1.727802560898e+12
https://cea.vtexassets.com/arquivos/ids/58559760-300-360?v=638490725473870000&width=300&height=360&aspect=true,master%3A-,mediaRequest,image,22,Event,66c87aa0-30c1-456c-8b12-97b5966963d6,https://www.cea.com.br/ofertas/ofertas-por-24-horas,6628a69a-e98b-4d97-b1ab-1853a88acd6e,cea,https://www.cea.com.br/,1.727802560903e+12
https://cea.vtexassets.com/arquivos/ids/58524497-300-360?v=638479455998630000&width=300&height=360&aspect=true,master%3A-,mediaRequest,image,22,Event,66c87aa0-30c1-456c-8b12-97b5966963d6,https://www.cea.com.br/ofertas/ofertas-por-24-horas,6628a69a-e98b-4d97-b1ab-1853a88acd6e,cea,https://www.cea.com.br/,1.727802560908e+12
https://cea.vtexassets.com/arquivos/ids/58716722-300-360?v=638533867409630000&width=300&height=360&aspect=true,master%3A-,mediaRequest,image,27,Event,66c87aa0-30c1-456c-8b12-97b5966963d6,https://www.cea.com.br/ofertas/ofertas-por-24-horas,6628a69a-e98b-4d97-b1ab-1853a88acd6e,cea,https://www.cea.com.br/,1.727802560922e+12
https://cea.vtexassets.com/arquivos/ids/50712744-300-360?v=637683872834200000&width=300&height=360&aspect=true,master%3A-,mediaRequest,image,11,Event,66c87aa0-30c1-456c-8b12-97b5966963d6,https://www.cea.com.br/ofertas/ofertas-por-24-horas,6628a69a-e98b-4d97-b1ab-1853a88acd6e,cea,https://www.cea.com.br/,1.727802560939e+12
https://cea.vtexassets.com/arquivos/ids/58476201-300-360?v=638453511592570000&width=300&height=360&aspect=true,master%3A-,mediaRequest,image,13,Event,66c87aa0-30c1-456c-8b12-97b5966963d6,https://www.cea.com.br/ofertas/ofertas-por-24-horas,6628a69a-e98b-4d97-b1ab-1853a88acd6e,cea,https://www.cea.com.br/,1.727802560941e+12
https://images.cea-ecommerce.com.br/site/2024/flags/1+a+5+anos/app-vitrine.png,master%3A-,mediaRequest,image,6,Event,66c87aa0-30c1-456c-8b12-97b5966963d6,https://www.cea.com.br/ofertas/ofertas-por-24-horas,6628a69a-e98b-4d97-b1ab-1853a88acd6e,cea,https://www.cea.com.br/,1.727802560952e+12
https://images.cea-ecommerce.com.br/site/2024/flags/Combos4por229/app-vitrine.png,master%3A-,mediaRequest,image,7,Event,66c87aa0-30c1-456c-8b12-97b5966963d6,https://www.cea.com.br/ofertas/ofertas-por-24-horas,6628a69a-e98b-4d97-b1ab-1853a88acd6e,cea,https://www.cea.com.br/,1.727802560955e+12
https://images.cea-ecommerce.com.br/site/2024/flags/Combocalcados2por179/app-vitrine.png,master%3A-,mediaRequest,image,9,Event,66c87aa0-30c1-456c-8b12-97b5966963d6,https://www.cea.com.br/ofertas/ofertas-por-24-horas,6628a69a-e98b-4d97-b1ab-1853a88acd6e,cea,https://www.cea.com.br/,1.727802560962e+12
https://cea.vtexassets.com/arquivos/ids/56313779-300-360?v=638058632393570000&width=300&height=360&aspect=true,master%3A-,mediaRequest,image,8,Event,66c87aa0-30c1-456c-8b12-97b5966963d6,https://www.cea.com.br/ofertas/ofertas-por-24-horas,6628a69a-e98b-4d97-b1ab-1853a88acd6e,cea,https://www.cea.com.br/,1.727802561316e+12
https://cea.vtexassets.com/arquivos/ids/58915129-300-360?v=638591744724170000&width=300&height=360&aspect=true,master%3A-,mediaRequest,image,8,Event,66c87aa0-30c1-456c-8b12-97b5966963d6,https://www.cea.com.br/ofertas/ofertas-por-24-horas,6628a69a-e98b-4d97-b1ab-1853a88acd6e,cea,https://www.cea.com.br/,1.727802561319e+12
https://images.cea-ecommerce.com.br/site/2024/flags/10+a+16/app-vitrine.png,master%3A-,mediaRequest,image,12,Event,66c87aa0-30c1-456c-8b12-97b5966963d6,https://www.cea.com.br/ofertas/ofertas-por-24-horas,6628a69a-e98b-4d97-b1ab-1853a88acd6e,cea,https://www.cea.com.br/,1.727802561663e+12
https://cea.vtexassets.com/arquivos/ids/58830375-300-360?v=638563990724570000&width=300&height=360&aspect=true,master%3A-,mediaRequest,image,9,Event,66c87aa0-30c1-456c-8b12-97b5966963d6,https://www.cea.com.br/ofertas/ofertas-por-24-horas,6628a69a-e98b-4d97-b1ab-1853a88acd6e,cea,https://www.cea.com.br/,1.727802561665e+12
https://cea.vtexassets.com/arquivos/ids/58835824-300-360?v=638566704555070000&width=300&height=360&aspect=true,master%3A-,mediaRequest,image,9,Event,66c87aa0-30c1-456c-8b12-97b5966963d6,https://www.cea.com.br/ofertas/ofertas-por-24-horas,6628a69a-e98b-4d97-b1ab-1853a88acd6e,cea,https://www.cea.com.br/,1.727802561666e+12
https://images.cea-ecommerce.com.br/site/2024/flags/Combo2por199/app-vitrine.png,master%3A-,mediaRequest,image,16,Event,66c87aa0-30c1-456c-8b12-97b5966963d6,https://www.cea.com.br/ofertas/ofertas-por-24-horas,6628a69a-e98b-4d97-b1ab-1853a88acd6e,cea,https://www.cea.com.br/,1.727802562011e+12
https://cea.vtexassets.com/arquivos/ids/58743969-300-360?v=638539056390770000&width=300&height=360&aspect=true,master%3A-,mediaRequest,image,7,Event,66c87aa0-30c1-456c-8b12-97b5966963d6,https://www.cea.com.br/ofertas/ofertas-por-24-horas,6628a69a-e98b-4d97-b1ab-1853a88acd6e,cea,https://www.cea.com.br/,1.727802562016e+12
https://cea.vtexassets.com/arquivos/ids/58814133-300-360?v=638560499295770000&width=300&height=360&aspect=true,master%3A-,mediaRequest,image,8,Event,66c87aa0-30c1-456c-8b12-97b5966963d6,https://www.cea.com.br/ofertas/ofertas-por-24-horas,6628a69a-e98b-4d97-b1ab-1853a88acd6e,cea,https://www.cea.com.br/,1.727802562024e+12
https://cea.vtexassets.com/arquivos/ids/58809495-300-360?v=638557968302070000&width=300&height=360&aspect=true,master%3A-,mediaRequest,image,16,Event,66c87aa0-30c1-456c-8b12-97b5966963d6,https://www.cea.com.br/ofertas/ofertas-por-24-horas,6628a69a-e98b-4d97-b1ab-1853a88acd6e,cea,https://www.cea.com.br/,1.727802563017e+12
https://cea.vtexassets.com/arquivos/ids/58809750-300-360?v=638558010773170000&width=300&height=360&aspect=true,master%3A-,mediaRequest,image,15,Event,66c87aa0-30c1-456c-8b12-97b5966963d6,https://www.cea.com.br/ofertas/ofertas-por-24-horas,6628a69a-e98b-4d97-b1ab-1853a88acd6e,cea,https://www.cea.com.br/,1.727802563025e+12
https://cea.vtexassets.com/arquivos/ids/58915067-300-360?v=638591742158000000&width=300&height=360&aspect=true,master%3A-,mediaRequest,image,7,Event,66c87aa0-30c1-456c-8b12-97b5966963d6,https://www.cea.com.br/ofertas/ofertas-por-24-horas,6628a69a-e98b-4d97-b1ab-1853a88acd6e,cea,https://www.cea.com.br/,1.727802563165e+12
https://cea.vtexassets.com/arquivos/ids/58914968-300-360?v=638591729498470000&width=300&height=360&aspect=true,master%3A-,mediaRequest,image,7,Event,66c87aa0-30c1-456c-8b12-97b5966963d6,https://www.cea.com.br/ofertas/ofertas-por-24-horas,6628a69a-e98b-4d97-b1ab-1853a88acd6e,cea,https://www.cea.com.br/,1.727802563168e+12
https://cea.vtexassets.com/arquivos/ids/58917073-300-360?v=638592461623300000&width=300&height=360&aspect=true,master%3A-,mediaRequest,image,9,Event,66c87aa0-30c1-456c-8b12-97b5966963d6,https://www.cea.com.br/ofertas/ofertas-por-24-horas,6628a69a-e98b-4d97-b1ab-1853a88acd6e,cea,https://www.cea.com.br/,1.72780256351e+12
https://cea.vtexassets.com/arquivos/ids/58916517-300-360?v=638592430555370000&width=300&height=360&aspect=true,master%3A-,mediaRequest,image,11,Event,66c87aa0-30c1-456c-8b12-97b5966963d6,https://www.cea.com.br/ofertas/ofertas-por-24-horas,6628a69a-e98b-4d97-b1ab-1853a88acd6e,cea,https://www.cea.com.br/,1.727802563512e+12
https://cea.vtexassets.com/arquivos/ids/58931767-300-360?v=638597598949100000&width=300&height=360&aspect=true,master%3A-,mediaRequest,image,10,Event,66c87aa0-30c1-456c-8b12-97b5966963d6,https://www.cea.com.br/ofertas/ofertas-por-24-horas,6628a69a-e98b-4d97-b1ab-1853a88acd6e,cea,https://www.cea.com.br/,1.727802563879e+12
https://cea.vtexassets.com/arquivos/ids/58930182-300-360?v=638596958611970000&width=300&height=360&aspect=true,master%3A-,mediaRequest,image,9,Event,66c87aa0-30c1-456c-8b12-97b5966963d6,https://www.cea.com.br/ofertas/ofertas-por-24-horas,6628a69a-e98b-4d97-b1ab-1853a88acd6e,cea,https://www.cea.com.br/,1.727802563883e+12
https://cea.vtexassets.com/arquivos/ids/58931964-300-360?v=638597606177200000&width=300&height=360&aspect=true,master%3A-,mediaRequest,image,13,Event,66c87aa0-30c1-456c-8b12-97b5966963d6,https://www.cea.com.br/ofertas/ofertas-por-24-horas,6628a69a-e98b-4d97-b1ab-1853a88acd6e,cea,https://www.cea.com.br/,1.727802564282e+12
https://cea.vtexassets.com/arquivos/ids/58914697-300-360?v=638591716544330000&width=300&height=360&aspect=true,master%3A-,mediaRequest,image,12,Event,66c87aa0-30c1-456c-8b12-97b5966963d6,https://www.cea.com.br/ofertas/ofertas-por-24-horas,6628a69a-e98b-4d97-b1ab-1853a88acd6e,cea,https://www.cea.com.br/,1.727802564288e+12
https://cea.vtexassets.com/arquivos/ids/58656532-300-360?v=638518092418200000&width=300&height=360&aspect=true,master%3A-,mediaRequest,image,6,Event,66c87aa0-30c1-456c-8b12-97b5966963d6,https://www.cea.com.br/ofertas/ofertas-por-24-horas,6628a69a-e98b-4d97-b1ab-1853a88acd6e,cea,https://www.cea.com.br/,1.727802564532e+12
https://cea.vtexassets.com/arquivos/ids/58562465-300-360?v=638491501021800000&width=300&height=360&aspect=true,master%3A-,mediaRequest,image,49,Event,66c87aa0-30c1-456c-8b12-97b5966963d6,https://www.cea.com.br/ofertas/ofertas-por-24-horas,6628a69a-e98b-4d97-b1ab-1853a88acd6e,cea,https://www.cea.com.br/,1.727802564576e+12
https://cea.vtexassets.com/assets/vtex/assets-builder/cea.cea-store-theme/0.116.0/images/social/megafooter-facebook___8ff11b3c7be72bbd8a8d5487079bb00c.png,master%3A-,mediaRequest,image,22,Event,66c87aa0-30c1-456c-8b12-97b5966963d6,https://www.cea.com.br/ofertas/ofertas-por-24-horas,6628a69a-e98b-4d97-b1ab-1853a88acd6e,cea,https://www.cea.com.br/,1.72780256963e+12
https://cea.vtexassets.com/assets/vtex/assets-builder/cea.cea-store-theme/0.116.0/images/social/megafooter-instagram___d6809e9b31ce9c7adffe0d72e299d61c.png,master%3A-,mediaRequest,image,31,Event,66c87aa0-30c1-456c-8b12-97b5966963d6,https://www.cea.com.br/ofertas/ofertas-por-24-horas,6628a69a-e98b-4d97-b1ab-1853a88acd6e,cea,https://www.cea.com.br/,1.727802569635e+12
https://cea.vtexassets.com/arquivos/tiktok.png,master%3A-,mediaRequest,image,35,Event,66c87aa0-30c1-456c-8b12-97b5966963d6,https://www.cea.com.br/ofertas/ofertas-por-24-horas,6628a69a-e98b-4d97-b1ab-1853a88acd6e,cea,https://www.cea.com.br/,1.72780256964e+12
https://cea.vtexassets.com/assets/vtex/assets-builder/cea.cea-store-theme/0.116.0/images/social/megafooter-twitter___98ff6f1f4b91b93852aa06bba0cb8359.png,master%3A-,mediaRequest,image,44,Event,66c87aa0-30c1-456c-8b12-97b5966963d6,https://www.cea.com.br/ofertas/ofertas-por-24-horas,6628a69a-e98b-4d97-b1ab-1853a88acd6e,cea,https://www.cea.com.br/,1.727802569645e+12
https://cea.vtexassets.com/arquivos/pinterest.png,master%3A-,mediaRequest,image,44,Event,66c87aa0-30c1-456c-8b12-97b5966963d6,https://www.cea.com.br/ofertas/ofertas-por-24-horas,6628a69a-e98b-4d97-b1ab-1853a88acd6e,cea,https://www.cea.com.br/,1.727802569651e+12
https://cea.vtexassets.com/arquivos/pix-image-footer.png,master%3A-,mediaRequest,image,32,Event,66c87aa0-30c1-456c-8b12-97b5966963d6,https://www.cea.com.br/ofertas/ofertas-por-24-horas,6628a69a-e98b-4d97-b1ab-1853a88acd6e,cea,https://www.cea.com.br/,1.727802570047e+12
https://cea.vtexassets.com/assets/vtex/assets-builder/cea.cea-store-theme/0.116.0/images/payments/footer-ico-visa___98f7248b7f05193fb699911f945d9488.png,master%3A-,mediaRequest,image,36,Event,66c87aa0-30c1-456c-8b12-97b5966963d6,https://www.cea.com.br/ofertas/ofertas-por-24-horas,6628a69a-e98b-4d97-b1ab-1853a88acd6e,cea,https://www.cea.com.br/,1.727802570049e+12
https://cea.vtexassets.com/assets/vtex/assets-builder/cea.cea-store-theme/0.116.0/images/payments/footer-ico-mastercard___b5d62b2e7e9fb160912e41eb4a5aceca.png,master%3A-,mediaRequest,image,38,Event,66c87aa0-30c1-456c-8b12-97b5966963d6,https://www.cea.com.br/ofertas/ofertas-por-24-horas,6628a69a-e98b-4d97-b1ab-1853a88acd6e,cea,https://www.cea.com.br/,1.727802570052e+12
https://cea.vtexassets.com/assets/vtex/assets-builder/cea.cea-store-theme/0.116.0/images/payments/footer-ico-dinners___6cb8c2a9ed405378779810a707b33ee1.png,master%3A-,mediaRequest,image,37,Event,66c87aa0-30c1-456c-8b12-97b5966963d6,https://www.cea.com.br/ofertas/ofertas-por-24-horas,6628a69a-e98b-4d97-b1ab-1853a88acd6e,cea,https://www.cea.com.br/,1.727802570061e+12
https://cea.vtexassets.com/assets/vtex/assets-builder/cea.cea-store-theme/0.116.0/images/payments/footer-ico-hipercard___fbb847986a082b51cbf290b2eade7472.png,master%3A-,mediaRequest,image,41,Event,66c87aa0-30c1-456c-8b12-97b5966963d6,https://www.cea.com.br/ofertas/ofertas-por-24-horas,6628a69a-e98b-4d97-b1ab-1853a88acd6e,cea,https://www.cea.com.br/,1.72780257007e+12
https://cea.vtexassets.com/assets/vtex/assets-builder/cea.cea-store-theme/0.116.0/images/payments/footer-ico-elo___9977e1e2818fdddbe6da2f08e0ec1d25.png,master%3A-,mediaRequest,image,41,Event,66c87aa0-30c1-456c-8b12-97b5966963d6,https://www.cea.com.br/ofertas/ofertas-por-24-horas,6628a69a-e98b-4d97-b1ab-1853a88acd6e,cea,https://www.cea.com.br/,1.727802570085e+12
https://cea.vtexassets.com/assets/vtex/assets-builder/cea.cea-store-theme/0.116.0/images/payments/footer-ico-cartao-cea___10be63d5fbfcc05b0ed5a5b9528e03db.png,master%3A-,mediaRequest,image,48,Event,66c87aa0-30c1-456c-8b12-97b5966963d6,https://www.cea.com.br/ofertas/ofertas-por-24-horas,6628a69a-e98b-4d97-b1ab-1853a88acd6e,cea,https://www.cea.com.br/,1.727802570093e+12
https://cea.vtexassets.com/assets/vtex/assets-builder/cea.cea-store-theme/0.116.0/images/payments/footer-ico-cartao-presente___4c3f41ee6359ef85aa69e7f7f9a20fb2.png,master%3A-,mediaRequest,image,47,Event,66c87aa0-30c1-456c-8b12-97b5966963d6,https://www.cea.com.br/ofertas/ofertas-por-24-horas,6628a69a-e98b-4d97-b1ab-1853a88acd6e,cea,https://www.cea.com.br/,1.72780257011e+12
https://cea.vtexassets.com/arquivos/cea-pay-footer.png,master%3A-,mediaRequest,image,47,Event,66c87aa0-30c1-456c-8b12-97b5966963d6,https://www.cea.com.br/ofertas/ofertas-por-24-horas,6628a69a-e98b-4d97-b1ab-1853a88acd6e,cea,https://www.cea.com.br/,1.727802570114e+12
https://cea.vtexassets.com/arquivos/bestuserexperience.png,master%3A-,mediaRequest,image,47,Event,66c87aa0-30c1-456c-8b12-97b5966963d6,https://www.cea.com.br/ofertas/ofertas-por-24-horas,6628a69a-e98b-4d97-b1ab-1853a88acd6e,cea,https://www.cea.com.br/,1.727802570115e+12
https://images.cea-ecommerce.com.br/site/2022/site-blindado.png,master%3A-,mediaRequest,image,11,Event,66c87aa0-30c1-456c-8b12-97b5966963d6,https://www.cea.com.br/ofertas/ofertas-por-24-horas,6628a69a-e98b-4d97-b1ab-1853a88acd6e,cea,https://www.cea.com.br/,1.727802570117e+12
https://newimgebit-a.akamaihd.net/ebitBR/selo/img_7997.png,master%3A-,mediaRequest,image,13,Event,66c87aa0-30c1-456c-8b12-97b5966963d6,https://www.cea.com.br/ofertas/ofertas-por-24-horas,6628a69a-e98b-4d97-b1ab-1853a88acd6e,cea,https://www.cea.com.br/,1.727802570121e+12
https://cea.vtexassets.com/assets/vtex.file-manager-graphql/images/eb8169ff-845b-4c16-b6cf-b1962fefc037___d49a92546f7d3febcf865ed19aa0d5d1.jpeg,master%3A-,mediaRequest,image,18,Event,66c87aa0-30c1-456c-8b12-97b5966963d6,https://www.cea.com.br/ofertas/ofertas-por-24-horas,6628a69a-e98b-4d97-b1ab-1853a88acd6e,cea,https://www.cea.com.br/,1.727802570126e+12
https://cea.vtexassets.com/assets/vtex/assets-builder/cea.cea-store-theme/0.116.0/images/security/footer_selo_premio_epoca___b04fb1b6a6cc2999e2aab45d75c63267.png,master%3A-,mediaRequest,image,18,Event,66c87aa0-30c1-456c-8b12-97b5966963d6,https://www.cea.com.br/ofertas/ofertas-por-24-horas,6628a69a-e98b-4d97-b1ab-1853a88acd6e,cea,https://www.cea.com.br/,1.727802570131e+12
https://cea.vtexassets.com/arquivos/footer_selo_top3_ibest.png,master%3A-,mediaRequest,image,18,Event,66c87aa0-30c1-456c-8b12-97b5966963d6,https://www.cea.com.br/ofertas/ofertas-por-24-horas,6628a69a-e98b-4d97-b1ab-1853a88acd6e,cea,https://www.cea.com.br/,1.727802570137e+12
https://cea.vtexassets.com/arquivos/ids/58915129-1200-auto?v=638591744724170000&width=1200&height=auto&aspect=true,master%3A-,mediaRequest,image,25,Event,66c87aa0-30c1-456c-8b12-97b5966963d6,https://www.cea.com.br/maio-infantil-manga-longa-uv-50--basiquinho-pink-4494811/p,6628a69a-e98b-4d97-b1ab-1853a88acd6e,cea,https://www.cea.com.br/,1.727802596948e+12
https://cea.vtexassets.com/arquivos/ids/58915129-150-auto?v=638591744724170000&width=150&height=auto&aspect=true,master%3A-,mediaRequest,image,74,Event,66c87aa0-30c1-456c-8b12-97b5966963d6,https://www.cea.com.br/maio-infantil-manga-longa-uv-50--basiquinho-pink-4494811/p,6628a69a-e98b-4d97-b1ab-1853a88acd6e,cea,https://www.cea.com.br/,1.72780259701e+12
https://cea.vtexassets.com/arquivos/ids/58915130-150-auto?v=638591744726970000&width=150&height=auto&aspect=true,master%3A-,mediaRequest,image,79,Event,66c87aa0-30c1-456c-8b12-97b5966963d6,https://www.cea.com.br/maio-infantil-manga-longa-uv-50--basiquinho-pink-4494811/p,6628a69a-e98b-4d97-b1ab-1853a88acd6e,cea,https://www.cea.com.br/,1.727802597057e+12
https://cea.vtexassets.com/arquivos/ids/58915130-1200-auto?v=638591744726970000&width=1200&height=auto&aspect=true,master%3A-,mediaRequest,image,33,Event,66c87aa0-30c1-456c-8b12-97b5966963d6,https://www.cea.com.br/maio-infantil-manga-longa-uv-50--basiquinho-pink-4494811/p,6628a69a-e98b-4d97-b1ab-1853a88acd6e,cea,https://www.cea.com.br/,1.727802598243e+12
https://cea.vtexassets.com/arquivos/ids/58915129-160-auto?v=638591744724170000&width=160&height=auto&aspect=true,master%3A-,mediaRequest,image,97,Event,66c87aa0-30c1-456c-8b12-97b5966963d6,https://www.cea.com.br/maio-infantil-manga-longa-uv-50--basiquinho-pink-4494811/p,6628a69a-e98b-4d97-b1ab-1853a88acd6e,cea,https://www.cea.com.br/,1.727802598247e+12
https://cea.vtexassets.com/arquivos/ids/58915130-160-auto?v=638591744726970000&width=160&height=auto&aspect=true,master%3A-,mediaRequest,image,37,Event,66c87aa0-30c1-456c-8b12-97b5966963d6,https://www.cea.com.br/maio-infantil-manga-longa-uv-50--basiquinho-pink-4494811/p,6628a69a-e98b-4d97-b1ab-1853a88acd6e,cea,https://www.cea.com.br/,1.727802598252e+12
https://cea.vtexassets.com/arquivos/ids/58915130-1200-auto?v=638591744726970000&width=1200&height=auto&aspect=true,master%3A-,mediaRequest,image,29,Event,66c87aa0-30c1-456c-8b12-97b5966963d6,https://www.cea.com.br/maio-infantil-manga-longa-uv-50--basiquinho-pink-4494811/p,6628a69a-e98b-4d97-b1ab-1853a88acd6e,cea,https://www.cea.com.br/,1.727802598258e+12
https://www.facebook.com/tr/?batch=1&events[0]=id%3D965913736790964%26ev%3DPageView%26dl%3Dhttps%253A%252F%252Fwww.cea.com.br%252Fmaio-infantil-manga-longa-uv-50--basiquinho-pink-4494811%252Fp%26rl%3Dhttps%253A%252F%252Fwww.cea.com.br%252F%26if%3Dfalse%26ts%3D1727802593849%26sw%3D1920%26sh%3D1080%26v%3D2.9.169%26r%3Dstable%26ec%3D2%26o%3D4126%26fbp%3Dfb.2.1723123838749.455204681505729245%26ler%3Dempty%26it%3D1727802554332%26coo%3Dfalse%26eid%3Df36c0483-3867-49bb-b5d4-9bb4d3762d61%26cdl%3D%26exp%3Df3&rqm=GET,master%3A-,mediaRequest,image,93,Event,66c87aa0-30c1-456c-8b12-97b5966963d6,https://www.cea.com.br/maio-infantil-manga-longa-uv-50--basiquinho-pink-4494811/p,6628a69a-e98b-4d97-b1ab-1853a88acd6e,cea,https://www.cea.com.br/,1.727802598307e+12
https://www.facebook.com/privacy_sandbox/pixel/register/trigger/?id=965913736790964&ev=PageView&dl=https%3A%2F%2Fwww.cea.com.br%2Fmaio-infantil-manga-longa-uv-50--basiquinho-pink-4494811%2Fp&rl=https%3A%2F%2Fwww.cea.com.br%2F&if=false&ts=1727802593849&sw=1920&sh=1080&v=2.9.169&r=stable&ec=2&o=4126&fbp=fb.2.1723123838749.455204681505729245&ler=empty&it=1727802554332&coo=false&eid=f36c0483-3867-49bb-b5d4-9bb4d3762d61&cdl=&exp=f3&rqm=FGET,master%3A-,mediaRequest,image,260,Event,66c87aa0-30c1-456c-8b12-97b5966963d6,https://www.cea.com.br/maio-infantil-manga-longa-uv-50--basiquinho-pink-4494811/p,6628a69a-e98b-4d97-b1ab-1853a88acd6e,cea,https://www.cea.com.br/,1.727802598313e+12
https://ad.doubleclick.net/activity;register_conversion=1;src=4913336;type=invmedia;cat=xodcfz3w;ord=271913232758;npa=0;gclaw=EAIaIQobChMIs_b0ufzqiAMV9tbCBB3W_xMXEAAYASAAEgJbvvD_BwE;gac=UA-13088833-72%3AEAIaIQobChMIwrTsoLSpiAMVnRetBh04CxEvEAAYASAAEgJJBvD_BwE;auiddc=1458210504.1723123837;u1=produto;u2=Mai%C3%B4s;u8=undefined;u3=Mai%C3%B4%20Infantil%20Manga%20Longa%20UV%2050%2B%20Basiquinho%20Pink;u4=59.9;u9=4494811;ps=1;pcor=774338239;uaa=x86;uab=64;uafvl=Google%2520Chrome%3B129.0.6668.58%7CNot%253DA%253FBrand%3B8.0.0.0%7CChromium%3B129.0.6668.58;uamb=0;uam=;uap=Linux;uapv=6.10.10;uaw=0;frm=0;gtm=45fe49u0v9181660637z8830842906za201zb830842906;gcs=G111;gcd=13v3v3n3n5l1;dma=0;tag_exp=101671035~101686685~101747727;epver=2;~oref=https%3A%2F%2Fwww.cea.com.br%2Fmaio-infantil-manga-longa-uv-50--basiquinho-pink-4494811%2Fp?,master%3A-,mediaRequest,image,299,Event,66c87aa0-30c1-456c-8b12-97b5966963d6,https://www.cea.com.br/maio-infantil-manga-longa-uv-50--basiquinho-pink-4494811/p,6628a69a-e98b-4d97-b1ab-1853a88acd6e,cea,https://www.cea.com.br/,1.727802598463e+12
https://www.facebook.com/tr/?batch=1&events[0]=id%3D965913736790964%26ev%3DViewContent%26dl%3Dhttps%253A%252F%252Fwww.cea.com.br%252Fmaio-infantil-manga-longa-uv-50--basiquinho-pink-4494811%252Fp%26rl%3Dhttps%253A%252F%252Fwww.cea.com.br%252F%26if%3Dfalse%26ts%3D1727802595438%26cd%5Bcontent_ids%5D%3D%255B%25226340432%2522%255D%26cd%5Bcontensts%5D%3D%257B%2522id%2522%253A%25226340432%2522%252C%2522quantity%2522%253A1%252C%2522item_price%2522%253A%252259.9%2522%257D%26cd%5Bcontent_type%5D%3Dproduct%26cd%5Bcontent_name%5D%3DMai%25C3%25B4%2520Infantil%2520Manga%2520Longa%2520UV%252050%252B%2520Basiquinho%2520Pink%26cd%5Bcontent_category%5D%3DMai%25C3%25B4s%26cd%5Bcurrency%5D%3DBRL%26cd%5Bvalue%5D%3D59.9%26sw%3D1920%26sh%3D1080%26v%3D2.9.169%26r%3Dstable%26ec%3D3%26o%3D4126%26fbp%3Dfb.2.1723123838749.455204681505729245%26ler%3Dempty%26it%3D1727802554332%26coo%3Dfalse%26cdl%3D%26exp%3Df3&events[1]=id%3D965913736790964%26ev%3DViewContent%26dl%3Dhttps%253A%252F%252Fwww.cea.com.br%252Fmaio-infantil-manga-longa-uv-50--basiquinho-pink-4494811%252Fp%26rl%3Dhttps%253A%252F%252Fwww.cea.com.br%252F%26if%3Dfalse%26ts%3D1727802595507%26cd%5Bcontent_ids%5D%3D%255B%25226340432%2522%252C%25226340433%2522%252C%25226340434%2522%252C%25226340435%2522%252C%25226340436%2522%252C%25226340437%2522%252C%25226340438%2522%255D%26cd%5Bcontent_name%5D%3DMai%25C3%25B4%2520Infantil%2520Manga%2520Longa%2520UV%252050%252B%2520Basiquinho%2520Pink%26cd%5Bcontent_type%5D%3Dproduct%26cd%5Bcurrency%5D%3DBRL%26cd%5Bvalue%5D%3D59.9%26sw%3D1920%26sh%3D1080%26v%3D2.9.169%26r%3Dstable%26ec%3D4%26o%3D4126%26fbp%3Dfb.2.1723123838749.455204681505729245%26ler%3Dempty%26it%3D1727802554332%26coo%3Dfalse%26eid%3Dac9b6f20-1e09-4cf8-813d-2684d7a22930%26cdl%3D%26exp%3Df3&rqm=GET,master%3A-,mediaRequest,image,227,Event,66c87aa0-30c1-456c-8b12-97b5966963d6,https://www.cea.com.br/maio-infantil-manga-longa-uv-50--basiquinho-pink-4494811/p,6628a69a-e98b-4d97-b1ab-1853a88acd6e,cea,https://www.cea.com.br/,1.727802598466e+12
https://www.facebook.com/privacy_sandbox/pixel/register/trigger/?id=965913736790964&ev=ViewContent&dl=https%3A%2F%2Fwww.cea.com.br%2Fmaio-infantil-manga-longa-uv-50--basiquinho-pink-4494811%2Fp&rl=https%3A%2F%2Fwww.cea.com.br%2F&if=false&ts=1727802595438&cd[content_ids]=%5B%226340432%22%5D&cd[contensts]=%7B%22id%22%3A%226340432%22%2C%22quantity%22%3A1%2C%22item_price%22%3A%2259.9%22%7D&cd[content_type]=product&cd[content_name]=Mai%C3%B4%20Infantil%20Manga%20Longa%20UV%2050%2B%20Basiquinho%20Pink&cd[content_category]=Mai%C3%B4s&cd[currency]=BRL&cd[value]=59.9&sw=1920&sh=1080&v=2.9.169&r=stable&ec=3&o=4126&fbp=fb.2.1723123838749.455204681505729245&ler=empty&it=1727802554332&coo=false&cdl=&exp=f3&rqm=FGET,master%3A-,mediaRequest,image,490,Event,66c87aa0-30c1-456c-8b12-97b5966963d6,https://www.cea.com.br/maio-infantil-manga-longa-uv-50--basiquinho-pink-4494811/p,6628a69a-e98b-4d97-b1ab-1853a88acd6e,cea,https://www.cea.com.br/,1.727802598523e+12
https://www.facebook.com/privacy_sandbox/pixel/register/trigger/?id=965913736790964&ev=ViewContent&dl=https%3A%2F%2Fwww.cea.com.br%2Fmaio-infantil-manga-longa-uv-50--basiquinho-pink-4494811%2Fp&rl=https%3A%2F%2Fwww.cea.com.br%2F&if=false&ts=1727802595507&cd[content_ids]=%5B%226340432%22%2C%226340433%22%2C%226340434%22%2C%226340435%22%2C%226340436%22%2C%226340437%22%2C%226340438%22%5D&cd[content_name]=Mai%C3%B4%20Infantil%20Manga%20Longa%20UV%2050%2B%20Basiquinho%20Pink&cd[content_type]=product&cd[currency]=BRL&cd[value]=59.9&sw=1920&sh=1080&v=2.9.169&r=stable&ec=4&o=4126&fbp=fb.2.1723123838749.455204681505729245&ler=empty&it=1727802554332&coo=false&eid=ac9b6f20-1e09-4cf8-813d-2684d7a22930&cdl=&exp=f3&rqm=FGET,master%3A-,mediaRequest,image,533,Event,66c87aa0-30c1-456c-8b12-97b5966963d6,https://www.cea.com.br/maio-infantil-manga-longa-uv-50--basiquinho-pink-4494811/p,6628a69a-e98b-4d97-b1ab-1853a88acd6e,cea,https://www.cea.com.br/,1.727802598536e+12
https://www.google.com/pagead/1p-user-list/860685232/?random=1727802595469&cv=11&fst=1727802000000&bg=ffffff&guid=ON&async=1&gtm=45be49u0z8830842906za201zb830842906&gcd=13v3v3n3n5l1&dma=0&tag_exp=101671035~101686685~101747727&u_w=1920&u_h=1080&url=https%3A%2F%2Fwww.cea.com.br%2Fmaio-infantil-manga-longa-uv-50--basiquinho-pink-4494811%2Fp&ref=https%3A%2F%2Fwww.cea.com.br%2F&hn=www.googleadservices.com&frm=0&tiba=mai%C3%B4%20infantil%20manga%20longa%20uv%2050%2B%20basiquinho%20pink%20-%20C%26A&npa=0&auid=1458210504.1723123837&uaa=x86&uab=64&uafvl=Google%2520Chrome%3B129.0.6668.58%7CNot%253DA%253FBrand%3B8.0.0.0%7CChromium%3B129.0.6668.58&uamb=0&uam=&uap=Linux&uapv=6.10.10&uaw=0&fledge=1&data=ecomm_pagetype%3Dproduct%3Becomm_prodid%3D4494811%3Becomm_totalvalue%3D59.9%3Becomm_category%3DMai%C3%B4s%3Bads_data_redaction%3Dtrue&rfmt=3&fmt=3&is_vtc=1&cid=CAQSKQDpaXnfYDbatnz_e1s074XREgs1Za-3bJGr9RUTbb1h-8ehB_kqU9n5&random=2989692867&rmt_tld=0&ipr=y,master%3A-,mediaRequest,image,394,Event,66c87aa0-30c1-456c-8b12-97b5966963d6,https://www.cea.com.br/maio-infantil-manga-longa-uv-50--basiquinho-pink-4494811/p,6628a69a-e98b-4d97-b1ab-1853a88acd6e,cea,https://www.cea.com.br/,1.727802598577e+12
https://www.google.com.br/pagead/1p-user-list/860685232/?random=1727802595469&cv=11&fst=1727802000000&bg=ffffff&guid=ON&async=1&gtm=45be49u0z8830842906za201zb830842906&gcd=13v3v3n3n5l1&dma=0&tag_exp=101671035~101686685~101747727&u_w=1920&u_h=1080&url=https%3A%2F%2Fwww.cea.com.br%2Fmaio-infantil-manga-longa-uv-50--basiquinho-pink-4494811%2Fp&ref=https%3A%2F%2Fwww.cea.com.br%2F&hn=www.googleadservices.com&frm=0&tiba=mai%C3%B4%20infantil%20manga%20longa%20uv%2050%2B%20basiquinho%20pink%20-%20C%26A&npa=0&auid=1458210504.1723123837&uaa=x86&uab=64&uafvl=Google%2520Chrome%3B129.0.6668.58%7CNot%253DA%253FBrand%3B8.0.0.0%7CChromium%3B129.0.6668.58&uamb=0&uam=&uap=Linux&uapv=6.10.10&uaw=0&fledge=1&data=ecomm_pagetype%3Dproduct%3Becomm_prodid%3D4494811%3Becomm_totalvalue%3D59.9%3Becomm_category%3DMai%C3%B4s%3Bads_data_redaction%3Dtrue&rfmt=3&fmt=3&is_vtc=1&cid=CAQSKQDpaXnfYDbatnz_e1s074XREgs1Za-3bJGr9RUTbb1h-8ehB_kqU9n5&random=2989692867&rmt_tld=1&ipr=y,master%3A-,mediaRequest,image,513,Event,66c87aa0-30c1-456c-8b12-97b5966963d6,https://www.cea.com.br/maio-infantil-manga-longa-uv-50--basiquinho-pink-4494811/p,6628a69a-e98b-4d97-b1ab-1853a88acd6e,cea,https://www.cea.com.br/,1.727802598594e+12
https://www.google.com/pagead/1p-user-list/953025391/?random=1727802595874&cv=11&fst=1727802000000&bg=ffffff&guid=ON&async=1&gtm=45be49u0z8830842906za201zb830842906&gcd=13v3v3n3n5l1&dma=0&tag_exp=101671035~101686685~101747727&u_w=1920&u_h=1080&url=https%3A%2F%2Fwww.cea.com.br%2Fmaio-infantil-manga-longa-uv-50--basiquinho-pink-4494811%2Fp&ref=https%3A%2F%2Fwww.cea.com.br%2F&hn=www.googleadservices.com&frm=0&tiba=mai%C3%B4%20infantil%20manga%20longa%20uv%2050%2B%20basiquinho%20pink%20-%20C%26A&value=59.9&npa=0&auid=1458210504.1723123837&uaa=x86&uab=64&uafvl=Google%2520Chrome%3B129.0.6668.58%7CNot%253DA%253FBrand%3B8.0.0.0%7CChromium%3B129.0.6668.58&uamb=0&uam=&uap=Linux&uapv=6.10.10&uaw=0&fledge=1&data=event%3Dview_item%3Becomm_prodid%3D6340432%3Becomm_pagetype%3Dproduct%3Becomm_totalvalue%3D59.9%3Becomm_category%3DInfantil%2FModa%20Praia%2FMai%C3%B4s%3Bads_data_redaction%3Dtrue%3Bgoogle_business_vertical%3Dretail%3Bid%3D6340432&rfmt=3&fmt=3&is_vtc=1&cid=CAQSKQDpaXnfbfp2laNQEW6OmtTC6a4XTQRY7oX23rfaxoC9eQAFgaCBw7Y7&random=205332814&rmt_tld=0&ipr=y,master%3A-,mediaRequest,image,331,Event,66c87aa0-30c1-456c-8b12-97b5966963d6,https://www.cea.com.br/maio-infantil-manga-longa-uv-50--basiquinho-pink-4494811/p,6628a69a-e98b-4d97-b1ab-1853a88acd6e,cea,https://www.cea.com.br/,1.7278025986e+12
https://www.google.com.br/pagead/1p-user-list/953025391/?random=1727802595874&cv=11&fst=1727802000000&bg=ffffff&guid=ON&async=1&gtm=45be49u0z8830842906za201zb830842906&gcd=13v3v3n3n5l1&dma=0&tag_exp=101671035~101686685~101747727&u_w=1920&u_h=1080&url=https%3A%2F%2Fwww.cea.com.br%2Fmaio-infantil-manga-longa-uv-50--basiquinho-pink-4494811%2Fp&ref=https%3A%2F%2Fwww.cea.com.br%2F&hn=www.googleadservices.com&frm=0&tiba=mai%C3%B4%20infantil%20manga%20longa%20uv%2050%2B%20basiquinho%20pink%20-%20C%26A&value=59.9&npa=0&auid=1458210504.1723123837&uaa=x86&uab=64&uafvl=Google%2520Chrome%3B129.0.6668.58%7CNot%253DA%253FBrand%3B8.0.0.0%7CChromium%3B129.0.6668.58&uamb=0&uam=&uap=Linux&uapv=6.10.10&uaw=0&fledge=1&data=event%3Dview_item%3Becomm_prodid%3D6340432%3Becomm_pagetype%3Dproduct%3Becomm_totalvalue%3D59.9%3Becomm_category%3DInfantil%2FModa%20Praia%2FMai%C3%B4s%3Bads_data_redaction%3Dtrue%3Bgoogle_business_vertical%3Dretail%3Bid%3D6340432&rfmt=3&fmt=3&is_vtc=1&cid=CAQSKQDpaXnfbfp2laNQEW6OmtTC6a4XTQRY7oX23rfaxoC9eQAFgaCBw7Y7&random=205332814&rmt_tld=1&ipr=y,master%3A-,mediaRequest,image,378,Event,66c87aa0-30c1-456c-8b12-97b5966963d6,https://www.cea.com.br/maio-infantil-manga-longa-uv-50--basiquinho-pink-4494811/p,6628a69a-e98b-4d97-b1ab-1853a88acd6e,cea,https://www.cea.com.br/,1.727802598607e+12
https://cea.vtexassets.com/arquivos/ids/58494454-300-360?v=638463852654400000&width=300&height=360&aspect=true,master%3A-,mediaRequest,image,57,Event,66c87aa0-30c1-456c-8b12-97b5966963d6,https://www.cea.com.br/maio-infantil-manga-longa-uv-50--basiquinho-pink-4494811/p,6628a69a-e98b-4d97-b1ab-1853a88acd6e,cea,https://www.cea.com.br/,1.727802598824e+12
https://cea.vtexassets.com/arquivos/ids/58946807-300-360?v=638600254526700000&width=300&height=360&aspect=true,master%3A-,mediaRequest,image,57,Event,66c87aa0-30c1-456c-8b12-97b5966963d6,https://www.cea.com.br/maio-infantil-manga-longa-uv-50--basiquinho-pink-4494811/p,6628a69a-e98b-4d97-b1ab-1853a88acd6e,cea,https://www.cea.com.br/,1.727802598828e+12
https://cea.vtexassets.com/arquivos/ids/58979102-300-360?v=638609649368300000&width=300&height=360&aspect=true,master%3A-,mediaRequest,image,66,Event,66c87aa0-30c1-456c-8b12-97b5966963d6,https://www.cea.com.br/maio-infantil-manga-longa-uv-50--basiquinho-pink-4494811/p,6628a69a-e98b-4d97-b1ab-1853a88acd6e,cea,https://www.cea.com.br/,1.727802598833e+12
https://cea.vtexassets.com/arquivos/ids/58915137-150-auto?v=638591745435830000&width=150&height=auto&aspect=true,master%3A-,mediaRequest,image,70,Event,66c87aa0-30c1-456c-8b12-97b5966963d6,https://www.cea.com.br/,6628a69a-e98b-4d97-b1ab-1853a88acd6e,cea,https://www.cea.com.br/,1.727802615625e+12
https://cea.vtexassets.com/arquivos/ids/58915137-1200-auto?v=638591745435830000&width=1200&height=auto&aspect=true,master%3A-,mediaRequest,image,363,Event,66c87aa0-30c1-456c-8b12-97b5966963d6,https://www.cea.com.br/,6628a69a-e98b-4d97-b1ab-1853a88acd6e,cea,https://www.cea.com.br/,1.727802615633e+12
https://cea.vtexassets.com/arquivos/ids/58915138-1200-auto?v=638591745436630000&width=1200&height=auto&aspect=true,master%3A-,mediaRequest,image,107,Event,66c87aa0-30c1-456c-8b12-97b5966963d6,https://www.cea.com.br/,6628a69a-e98b-4d97-b1ab-1853a88acd6e,cea,https://www.cea.com.br/,1.727802615637e+12
https://cea.vtexassets.com/arquivos/ids/58915137-160-auto?v=638591745435830000&width=160&height=auto&aspect=true,master%3A-,mediaRequest,image,81,Event,66c87aa0-30c1-456c-8b12-97b5966963d6,https://www.cea.com.br/,6628a69a-e98b-4d97-b1ab-1853a88acd6e,cea,https://www.cea.com.br/,1.72780261564e+12
https://cea.vtexassets.com/arquivos/ids/58915138-160-auto?v=638591745436630000&width=160&height=auto&aspect=true,master%3A-,mediaRequest,image,87,Event,66c87aa0-30c1-456c-8b12-97b5966963d6,https://www.cea.com.br/,6628a69a-e98b-4d97-b1ab-1853a88acd6e,cea,https://www.cea.com.br/,1.727802615642e+12
https://cea.vtexassets.com/arquivos/ids/58915138-150-auto?v=638591745436630000&width=150&height=auto&aspect=true,master%3A-,mediaRequest,image,456,Event,66c87aa0-30c1-456c-8b12-97b5966963d6,https://www.cea.com.br/,6628a69a-e98b-4d97-b1ab-1853a88acd6e,cea,https://www.cea.com.br/,1.727802615653e+12
https://ad.doubleclick.net/activity;register_conversion=1;src=4913336;type=invmedia;cat=xodcfz3w;ord=485855544131;npa=0;gclaw=EAIaIQobChMIs_b0ufzqiAMV9tbCBB3W_xMXEAAYASAAEgJbvvD_BwE;gac=UA-13088833-72%3AEAIaIQobChMIwrTsoLSpiAMVnRetBh04CxEvEAAYASAAEgJJBvD_BwE;auiddc=1458210504.1723123837;u1=produto;u2=Mai%C3%B4s;u8=undefined;u3=Mai%C3%B4%20Infantil%20Manga%20Longa%20UV%2050%2B%20Basiquinho%20Pink;u4=59.9;u9=4494811;ps=1;pcor=1336506657;uaa=x86;uab=64;uafvl=Google%2520Chrome%3B129.0.6668.58%7CNot%253DA%253FBrand%3B8.0.0.0%7CChromium%3B129.0.6668.58;uamb=0;uam=;uap=Linux;uapv=6.10.10;uaw=0;frm=0;gtm=45fe49u0v9181660637z8830842906za201zb830842906;gcs=G111;gcd=13v3v3n3n5l1;dma=0;tag_exp=101671035~101686685~101747727;epver=2;~oref=https%3A%2F%2Fwww.cea.com.br%2F?,master%3A-,mediaRequest,image,177,Event,66c87aa0-30c1-456c-8b12-97b5966963d6,https://www.cea.com.br/,6628a69a-e98b-4d97-b1ab-1853a88acd6e,cea,https://www.cea.com.br/,1.72780261566e+12
https://www.facebook.com/tr/?batch=1&events[0]=id%3D965913736790964%26ev%3DViewContent%26dl%3Dhttps%253A%252F%252Fwww.cea.com.br%252F%26rl%3Dhttps%253A%252F%252Fwww.cea.com.br%252F%26if%3Dfalse%26ts%3D1727802615225%26cd%5Bcontent_ids%5D%3D%255B%25226340432%2522%252C%25226340433%2522%252C%25226340434%2522%252C%25226340435%2522%252C%25226340436%2522%252C%25226340437%2522%252C%25226340438%2522%255D%26cd%5Bcontent_name%5D%3DMai%25C3%25B4%2520Infantil%2520Manga%2520Longa%2520UV%252050%252B%2520Basiquinho%2520Pink%26cd%5Bcontent_type%5D%3Dproduct%26cd%5Bcurrency%5D%3DBRL%26cd%5Bvalue%5D%3D59.9%26sw%3D1920%26sh%3D1080%26v%3D2.9.169%26r%3Dstable%26ec%3D5%26o%3D4126%26fbp%3Dfb.2.1723123838749.455204681505729245%26ler%3Dempty%26it%3D1727802554332%26coo%3Dfalse%26eid%3D9e478a80-a157-482e-9d1f-909fcd713379%26cdl%3D%26exp%3Df3&rqm=GET,master%3A-,mediaRequest,image,170,Event,66c87aa0-30c1-456c-8b12-97b5966963d6,https://www.cea.com.br/,6628a69a-e98b-4d97-b1ab-1853a88acd6e,cea,https://www.cea.com.br/,1.727802617866e+12
https://www.google.com/pagead/1p-user-list/953025391/?random=1727802615075&cv=11&fst=1727802000000&bg=ffffff&guid=ON&async=1&gtm=45be49u0z8830842906za201zb830842906&gcd=13v3v3n3n5l1&dma=0&tag_exp=101671035~101686685~101747727&u_w=1920&u_h=1080&url=https%3A%2F%2Fwww.cea.com.br%2F&ref=https%3A%2F%2Fwww.cea.com.br%2F&hn=www.googleadservices.com&frm=0&tiba=mai%C3%B4%20infantil%20manga%20longa%20uv%2050%2B%20basiquinho%20pink%20-%20C%26A&value=59.9&npa=0&auid=1458210504.1723123837&uaa=x86&uab=64&uafvl=Google%2520Chrome%3B129.0.6668.58%7CNot%253DA%253FBrand%3B8.0.0.0%7CChromium%3B129.0.6668.58&uamb=0&uam=&uap=Linux&uapv=6.10.10&uaw=0&fledge=1&data=event%3Dview_item%3Becomm_prodid%3D6340436%3Becomm_pagetype%3Dproduct%3Becomm_totalvalue%3D59.9%3Becomm_category%3DInfantil%2FModa%20Praia%2FMai%C3%B4s%3Bads_data_redaction%3Dtrue%3Bgoogle_business_vertical%3Dretail%3Bid%3D6340436&rfmt=3&fmt=3&is_vtc=1&cid=CAQSKQDpaXnfyLP80udh0wOXeBnsPmHo8A1FD9GdOlRuMGlsFmf7R-X6zEqs&random=3252517917&rmt_tld=0&ipr=y,master%3A-,mediaRequest,image,237,Event,66c87aa0-30c1-456c-8b12-97b5966963d6,https://www.cea.com.br/,6628a69a-e98b-4d97-b1ab-1853a88acd6e,cea,https://www.cea.com.br/,1.727802625551e+12
https://www.google.com/pagead/1p-user-list/860685232/?random=1727802615194&cv=11&fst=1727802000000&bg=ffffff&guid=ON&async=1&gtm=45be49u0z8830842906za201zb830842906&gcd=13v3v3n3n5l1&dma=0&tag_exp=101671035~101686685~101747727&u_w=1920&u_h=1080&url=https%3A%2F%2Fwww.cea.com.br%2F&ref=https%3A%2F%2Fwww.cea.com.br%2F&hn=www.googleadservices.com&frm=0&tiba=mai%C3%B4%20infantil%20manga%20longa%20uv%2050%2B%20basiquinho%20pink%20-%20C%26A&npa=0&auid=1458210504.1723123837&uaa=x86&uab=64&uafvl=Google%2520Chrome%3B129.0.6668.58%7CNot%253DA%253FBrand%3B8.0.0.0%7CChromium%3B129.0.6668.58&uamb=0&uam=&uap=Linux&uapv=6.10.10&uaw=0&fledge=1&data=ecomm_pagetype%3Dother%3Bads_data_redaction%3Dtrue&rfmt=3&fmt=3&is_vtc=1&cid=CAQSKQDpaXnfcWFNa_ZgE08hd8hKCFuKCkMD-JgGAwfcI-w0lhHQRPP3Z4Zo&random=142023799&rmt_tld=0&ipr=y,master%3A-,mediaRequest,image,200,Event,66c87aa0-30c1-456c-8b12-97b5966963d6,https://www.cea.com.br/,6628a69a-e98b-4d97-b1ab-1853a88acd6e,cea,https://www.cea.com.br/,1.727802625555e+12
https://www.facebook.com/privacy_sandbox/pixel/register/trigger/?id=965913736790964&ev=ViewContent&dl=https%3A%2F%2Fwww.cea.com.br%2F&rl=https%3A%2F%2Fwww.cea.com.br%2F&if=false&ts=1727802615225&cd[content_ids]=%5B%226340432%22%2C%226340433%22%2C%226340434%22%2C%226340435%22%2C%226340436%22%2C%226340437%22%2C%226340438%22%5D&cd[content_name]=Mai%C3%B4%20Infantil%20Manga%20Longa%20UV%2050%2B%20Basiquinho%20Pink&cd[content_type]=product&cd[currency]=BRL&cd[value]=59.9&sw=1920&sh=1080&v=2.9.169&r=stable&ec=5&o=4126&fbp=fb.2.1723123838749.455204681505729245&ler=empty&it=1727802554332&coo=false&eid=9e478a80-a157-482e-9d1f-909fcd713379&cdl=&exp=f3&rqm=FGET,master%3A-,mediaRequest,image,1316,Event,66c87aa0-30c1-456c-8b12-97b5966963d6,https://www.cea.com.br/,6628a69a-e98b-4d97-b1ab-1853a88acd6e,cea,https://www.cea.com.br/,1.727802625587e+12
https://www.google.com.br/pagead/1p-user-list/953025391/?random=1727802615075&cv=11&fst=1727802000000&bg=ffffff&guid=ON&async=1&gtm=45be49u0z8830842906za201zb830842906&gcd=13v3v3n3n5l1&dma=0&tag_exp=101671035~101686685~101747727&u_w=1920&u_h=1080&url=https%3A%2F%2Fwww.cea.com.br%2F&ref=https%3A%2F%2Fwww.cea.com.br%2F&hn=www.googleadservices.com&frm=0&tiba=mai%C3%B4%20infantil%20manga%20longa%20uv%2050%2B%20basiquinho%20pink%20-%20C%26A&value=59.9&npa=0&auid=1458210504.1723123837&uaa=x86&uab=64&uafvl=Google%2520Chrome%3B129.0.6668.58%7CNot%253DA%253FBrand%3B8.0.0.0%7CChromium%3B129.0.6668.58&uamb=0&uam=&uap=Linux&uapv=6.10.10&uaw=0&fledge=1&data=event%3Dview_item%3Becomm_prodid%3D6340436%3Becomm_pagetype%3Dproduct%3Becomm_totalvalue%3D59.9%3Becomm_category%3DInfantil%2FModa%20Praia%2FMai%C3%B4s%3Bads_data_redaction%3Dtrue%3Bgoogle_business_vertical%3Dretail%3Bid%3D6340436&rfmt=3&fmt=3&is_vtc=1&cid=CAQSKQDpaXnfyLP80udh0wOXeBnsPmHo8A1FD9GdOlRuMGlsFmf7R-X6zEqs&random=3252517917&rmt_tld=1&ipr=y,master%3A-,mediaRequest,image,829,Event,66c87aa0-30c1-456c-8b12-97b5966963d6,https://www.cea.com.br/,6628a69a-e98b-4d97-b1ab-1853a88acd6e,cea,https://www.cea.com.br/,1.727802625597e+12
https://www.google.com.br/pagead/1p-user-list/860685232/?random=1727802615194&cv=11&fst=1727802000000&bg=ffffff&guid=ON&async=1&gtm=45be49u0z8830842906za201zb830842906&gcd=13v3v3n3n5l1&dma=0&tag_exp=101671035~101686685~101747727&u_w=1920&u_h=1080&url=https%3A%2F%2Fwww.cea.com.br%2F&ref=https%3A%2F%2Fwww.cea.com.br%2F&hn=www.googleadservices.com&frm=0&tiba=mai%C3%B4%20infantil%20manga%20longa%20uv%2050%2B%20basiquinho%20pink%20-%20C%26A&npa=0&auid=1458210504.1723123837&uaa=x86&uab=64&uafvl=Google%2520Chrome%3B129.0.6668.58%7CNot%253DA%253FBrand%3B8.0.0.0%7CChromium%3B129.0.6668.58&uamb=0&uam=&uap=Linux&uapv=6.10.10&uaw=0&fledge=1&data=ecomm_pagetype%3Dother%3Bads_data_redaction%3Dtrue&rfmt=3&fmt=3&is_vtc=1&cid=CAQSKQDpaXnfcWFNa_ZgE08hd8hKCFuKCkMD-JgGAwfcI-w0lhHQRPP3Z4Zo&random=142023799&rmt_tld=1&ipr=y,master%3A-,mediaRequest,image,1239,Event,66c87aa0-30c1-456c-8b12-97b5966963d6,https://www.cea.com.br/,6628a69a-e98b-4d97-b1ab-1853a88acd6e,cea,https://www.cea.com.br/,1.727802625606e+12
https://www.google.com.br/ads/ga-audiences?v=1&t=sr&slf_rd=1&_r=4&tid=G-J2C4CH9FXY&cid=1198259706.1723123837&gtm=45je49u0v872032175za200zb830842906&aip=1&dma=0&gcs=G111&gcd=13v3v3n3n5l1&npa=0&frm=0&tag_exp=101671035~101686685~101747727&z=1426359834,master%3A-,mediaRequest,image,198,Event,66c87aa0-30c1-456c-8b12-97b5966963d6,https://www.cea.com.br/,6628a69a-e98b-4d97-b1ab-1853a88acd6e,cea,https://www.cea.com.br/,1.727802625619e+12
https://cea.vtexassets.com/assets/vtex.file-manager-graphql/images/55cbbbb2-0a35-4f42-bbbe-4aa30d0b5cae___a946f3ab4022c847ae1dbd7d81092908.png,master%3A-,mediaRequest,image,30,Event,66c87aa0-30c1-456c-8b12-97b5966963d6,https://www.cea.com.br/,6628a69a-e98b-4d97-b1ab-1853a88acd6e,cea,https://www.cea.com.br/,1.727802625686e+12
https://cea.vtexassets.com/assets/vtex.file-manager-graphql/images/ba8ac2c0-b725-470b-89db-ca163a6a13fe___61efd2fdf8a6dc6e2dc984cc832802d9.png,master%3A-,mediaRequest,image,61,Event,66c87aa0-30c1-456c-8b12-97b5966963d6,https://www.cea.com.br/,6628a69a-e98b-4d97-b1ab-1853a88acd6e,cea,https://www.cea.com.br/,1.727802625689e+12
https://cea.vtexassets.com/assets/vtex.file-manager-graphql/images/94eee5d7-6b5c-461f-84e9-59e01fbfe1fb___609601c9f94b7e8fe0c7e8d49474f3e6.png,master%3A-,mediaRequest,image,62,Event,66c87aa0-30c1-456c-8b12-97b5966963d6,https://www.cea.com.br/,6628a69a-e98b-4d97-b1ab-1853a88acd6e,cea,https://www.cea.com.br/,1.727802625693e+12
https://cea.vtexassets.com/assets/vtex.file-manager-graphql/images/5b4e84af-6659-4f17-b852-2188b6712a44___e2e2a8f956bf78e927709878da6d69c5.png,master%3A-,mediaRequest,image,64,Event,66c87aa0-30c1-456c-8b12-97b5966963d6,https://www.cea.com.br/,6628a69a-e98b-4d97-b1ab-1853a88acd6e,cea,https://www.cea.com.br/,1.727802625707e+12
https://cea.vtexassets.com/assets/vtex.file-manager-graphql/images/1796747d-3d3a-446a-af31-2e6d243b1a97___0a532abebfb64aab124c1ce6b4dd8eb1.svg,master%3A-,mediaRequest,image,90,Event,66c87aa0-30c1-456c-8b12-97b5966963d6,https://www.cea.com.br/,6628a69a-e98b-4d97-b1ab-1853a88acd6e,cea,https://www.cea.com.br/,1.727802625721e+12
https://cea.vtexassets.com/assets/vtex.file-manager-graphql/images/028d015f-7e44-4f68-aa2a-d3e45cbb813e___ef9d45132bc1937321a8e9b85a2bc993.jpg,master%3A-,mediaRequest,image,71,Event,66c87aa0-30c1-456c-8b12-97b5966963d6,https://www.cea.com.br/,6628a69a-e98b-4d97-b1ab-1853a88acd6e,cea,https://www.cea.com.br/,1.727802625727e+12
https://cea.vtexassets.com/assets/vtex.file-manager-graphql/images/c632b18a-4692-4aec-907d-cc4915c714a2___438cb0444636617d4f84e1cb47b0e383.jpg,master%3A-,mediaRequest,image,83,Event,66c87aa0-30c1-456c-8b12-97b5966963d6,https://www.cea.com.br/,6628a69a-e98b-4d97-b1ab-1853a88acd6e,cea,https://www.cea.com.br/,1.727802625738e+12
https://cea.vtexassets.com/assets/vtex.file-manager-graphql/images/14a82b90-422a-4550-931e-c6b67a0e382f___0f78db874039c26245caffc3e3ab9a7c.jpg,master%3A-,mediaRequest,image,75,Event,66c87aa0-30c1-456c-8b12-97b5966963d6,https://www.cea.com.br/,6628a69a-e98b-4d97-b1ab-1853a88acd6e,cea,https://www.cea.com.br/,1.727802625743e+12
https://cea.vtexassets.com/assets/vtex.file-manager-graphql/images/5b4a2e6c-f35a-4765-af76-e08f7b55616f___cf86fb442c1836b1319ddc4267f568ff.jpg,master%3A-,mediaRequest,image,77,Event,66c87aa0-30c1-456c-8b12-97b5966963d6,https://www.cea.com.br/,6628a69a-e98b-4d97-b1ab-1853a88acd6e,cea,https://www.cea.com.br/,1.727802625763e+12
https://cea.vtexassets.com/assets/vtex.file-manager-graphql/images/2ea75a80-7eb1-4c57-b266-de6b71114ccf___8455f5d681952d6e503c57932a8cd120.jpg,master%3A-,mediaRequest,image,67,Event,66c87aa0-30c1-456c-8b12-97b5966963d6,https://www.cea.com.br/,6628a69a-e98b-4d97-b1ab-1853a88acd6e,cea,https://www.cea.com.br/,1.727802625767e+12
https://cea.vtexassets.com/assets/vtex.file-manager-graphql/images/2a50a40f-411f-41d8-a4d6-91da8644c857___1f364783be9a180d8e410f51494b07fc.jpg,master%3A-,mediaRequest,image,63,Event,66c87aa0-30c1-456c-8b12-97b5966963d6,https://www.cea.com.br/,6628a69a-e98b-4d97-b1ab-1853a88acd6e,cea,https://www.cea.com.br/,1.727802625771e+12
https://cea.vtexassets.com/assets/vtex.file-manager-graphql/images/15d9ce7e-ffce-4646-8372-52d2c79e905d___b4c76446e1d885dc0cff9629aef17d12.png,master%3A-,mediaRequest,image,50,Event,66c87aa0-30c1-456c-8b12-97b5966963d6,https://www.cea.com.br/,6628a69a-e98b-4d97-b1ab-1853a88acd6e,cea,https://www.cea.com.br/,1.727802625774e+12
https://cea.vtexassets.com/assets/vtex.file-manager-graphql/images/fee3cd50-9d46-4783-8bf2-f05f7a7d8687___1380735571128b15896fe0d0398dd180.png,master%3A-,mediaRequest,image,41,Event,66c87aa0-30c1-456c-8b12-97b5966963d6,https://www.cea.com.br/,6628a69a-e98b-4d97-b1ab-1853a88acd6e,cea,https://www.cea.com.br/,1.727802625777e+12
https://cea.vtexassets.com/assets/vtex.file-manager-graphql/images/3a840cc9-b036-4eb3-8e01-4a4ec9b6b8a6___d11921b751f432104949f4b27bc10cd8.jpg,master%3A-,mediaRequest,image,41,Event,66c87aa0-30c1-456c-8b12-97b5966963d6,https://www.cea.com.br/,6628a69a-e98b-4d97-b1ab-1853a88acd6e,cea,https://www.cea.com.br/,1.72780262578e+12
https://cea.vtexassets.com/assets/vtex.file-manager-graphql/images/83a72078-11c3-46e9-bb7c-00fba2fff074___ed16ac3aeb9f9b149d64b97e8cc9cfde.jpg,master%3A-,mediaRequest,image,31,Event,66c87aa0-30c1-456c-8b12-97b5966963d6,https://www.cea.com.br/,6628a69a-e98b-4d97-b1ab-1853a88acd6e,cea,https://www.cea.com.br/,1.727802625785e+12
https://cea.vtexassets.com/assets/vtex.file-manager-graphql/images/3574d8e5-c4ba-410b-8d39-cc080939411c___51d3233648982fda8853bc15bb3bdd9c.jpg,master%3A-,mediaRequest,image,20,Event,66c87aa0-30c1-456c-8b12-97b5966963d6,https://www.cea.com.br/,6628a69a-e98b-4d97-b1ab-1853a88acd6e,cea,https://www.cea.com.br/,1.727802625797e+12
https://cea.vtexassets.com/assets/vtex.file-manager-graphql/images/2874d09f-8b53-408c-a681-4e77502dbc8a___561e2c16477e23d9dff042c75999c411.png,master%3A-,mediaRequest,image,30,Event,66c87aa0-30c1-456c-8b12-97b5966963d6,https://www.cea.com.br/,6628a69a-e98b-4d97-b1ab-1853a88acd6e,cea,https://www.cea.com.br/,1.727802625819e+12
https://cea.vtexassets.com/assets/vtex.file-manager-graphql/images/1f6f4bc6-b2e6-42f3-bd23-5e068be1c4c0___e649044cc849a5beb3303bf863f89f71.png,master%3A-,mediaRequest,image,34,Event,66c87aa0-30c1-456c-8b12-97b5966963d6,https://www.cea.com.br/,6628a69a-e98b-4d97-b1ab-1853a88acd6e,cea,https://www.cea.com.br/,1.727802625841e+12
https://cea.vtexassets.com/assets/vtex.file-manager-graphql/images/3945ed2a-e724-4683-a759-df14929c11fa___877d1fd0734308939674131ec1f9a753.png,master%3A-,mediaRequest,image,23,Event,66c87aa0-30c1-456c-8b12-97b5966963d6,https://www.cea.com.br/,6628a69a-e98b-4d97-b1ab-1853a88acd6e,cea,https://www.cea.com.br/,1.727802625846e+12
https://cea.vtexassets.com/assets/vtex.file-manager-graphql/images/3bb3eacf-446f-48c0-9bfc-f1f1fad9eb22___fb932423e5ed223d178d19741ba98c97.png,master%3A-,mediaRequest,image,26,Event,66c87aa0-30c1-456c-8b12-97b5966963d6,https://www.cea.com.br/,6628a69a-e98b-4d97-b1ab-1853a88acd6e,cea,https://www.cea.com.br/,1.72780262585e+12
https://cea.vtexassets.com/assets/vtex.file-manager-graphql/images/a2a80b07-8bd8-4d10-8383-96e0a853a458___00ed72bf0b04f0ff739f3ab9a79b06ac.png,master%3A-,mediaRequest,image,28,Event,66c87aa0-30c1-456c-8b12-97b5966963d6,https://www.cea.com.br/,6628a69a-e98b-4d97-b1ab-1853a88acd6e,cea,https://www.cea.com.br/,1.727802625855e+12
https://cea.vtexassets.com/assets/vtex.file-manager-graphql/images/dd73c2de-846d-40c8-ab85-71c9cf5a4936___5d6c6f494785bbf466585dfac5435dac.png,master%3A-,mediaRequest,image,30,Event,66c87aa0-30c1-456c-8b12-97b5966963d6,https://www.cea.com.br/,6628a69a-e98b-4d97-b1ab-1853a88acd6e,cea,https://www.cea.com.br/,1.72780262586e+12
https://cea.vtexassets.com/assets/vtex.file-manager-graphql/images/ad2321ba-78f7-4dc8-b65b-f6b714c024b5___3f5401db94bb57bacf5def61b16b1c6d.png,master%3A-,mediaRequest,image,18,Event,66c87aa0-30c1-456c-8b12-97b5966963d6,https://www.cea.com.br/,6628a69a-e98b-4d97-b1ab-1853a88acd6e,cea,https://www.cea.com.br/,1.727802625881e+12
https://cea.vtexassets.com/assets/vtex.file-manager-graphql/images/b43102ed-4aab-4f0e-9dd2-316aa6877c4f___d3e31a3b8c35ff3b82ede5c4e96bc15f.png,master%3A-,mediaRequest,image,11,Event,66c87aa0-30c1-456c-8b12-97b5966963d6,https://www.cea.com.br/,6628a69a-e98b-4d97-b1ab-1853a88acd6e,cea,https://www.cea.com.br/,1.727802625884e+12
https://cea.vtexassets.com/arquivos/icon-wpp-floater-new.png,master%3A-,mediaRequest,image,12,Event,66c87aa0-30c1-456c-8b12-97b5966963d6,https://www.cea.com.br/,6628a69a-e98b-4d97-b1ab-1853a88acd6e,cea,https://www.cea.com.br/,1.727802625956e+12
https://www.facebook.com/tr/?batch=1&events[0]=id%3D965913736790964%26ev%3DPageView%26dl%3Dhttps%253A%252F%252Fwww.cea.com.br%252F%26rl%3Dhttps%253A%252F%252Fwww.cea.com.br%252F%26if%3Dfalse%26ts%3D1727802619551%26sw%3D1920%26sh%3D1080%26v%3D2.9.169%26r%3Dstable%26ec%3D6%26o%3D4126%26fbp%3Dfb.2.1723123838749.455204681505729245%26ler%3Dempty%26it%3D1727802554332%26coo%3Dfalse%26eid%3Df6ec68c9-b15d-4cf7-bef7-42b5bf5e5069%26cdl%3D%26exp%3Df3&rqm=GET,master%3A-,mediaRequest,image,70,Event,66c87aa0-30c1-456c-8b12-97b5966963d6,https://www.cea.com.br/,6628a69a-e98b-4d97-b1ab-1853a88acd6e,cea,https://www.cea.com.br/,1.72780262597e+12
https://www.facebook.com/privacy_sandbox/pixel/register/trigger/?id=965913736790964&ev=PageView&dl=https%3A%2F%2Fwww.cea.com.br%2F&rl=https%3A%2F%2Fwww.cea.com.br%2F&if=false&ts=1727802619551&sw=1920&sh=1080&v=2.9.169&r=stable&ec=6&o=4126&fbp=fb.2.1723123838749.455204681505729245&ler=empty&it=1727802554332&coo=false&eid=f6ec68c9-b15d-4cf7-bef7-42b5bf5e5069&cdl=&exp=f3&rqm=FGET,master%3A-,mediaRequest,image,259,Event,66c87aa0-30c1-456c-8b12-97b5966963d6,https://www.cea.com.br/,6628a69a-e98b-4d97-b1ab-1853a88acd6e,cea,https://www.cea.com.br/,1.727802626048e+12
https://cea.vtexassets.com/assets/vtex.file-manager-graphql/images/9a0817c5-591b-4817-89c6-2e7a976b718a___450335a9ed32a0e943bc823cb3064adb.png,master%3A-,mediaRequest,image,9,Event,66c87aa0-30c1-456c-8b12-97b5966963d6,https://www.cea.com.br/,6628a69a-e98b-4d97-b1ab-1853a88acd6e,cea,https://www.cea.com.br/,1.727802631404e+12
https://cea.vtexassets.com/assets/vtex.file-manager-graphql/images/0e367eeb-9a47-4129-a705-3d0b1d3fa2f7___e5db20d37d472527428bcae25773f8d5.png,master%3A-,mediaRequest,image,11,Event,66c87aa0-30c1-456c-8b12-97b5966963d6,https://www.cea.com.br/,6628a69a-e98b-4d97-b1ab-1853a88acd6e,cea,https://www.cea.com.br/,1.727802638783e+12
https://cea.vtexassets.com/assets/vtex.file-manager-graphql/images/592c9da9-88ad-42d1-bf27-1a5859556ae8___004856b4383e49bf2b5e5659c1907de8.png,master%3A-,mediaRequest,image,7,Event,66c87aa0-30c1-456c-8b12-97b5966963d6,https://www.cea.com.br/,6628a69a-e98b-4d97-b1ab-1853a88acd6e,cea,https://www.cea.com.br/,1.727802646129e+12
https://cea.vtexassets.com/assets/vtex.file-manager-graphql/images/4e545262-c92a-4328-bf4a-6991d76c8bc7___9da7cd3faab6425427eec7922ba1d62e.png,master%3A-,mediaRequest,image,5,Event,66c87aa0-30c1-456c-8b12-97b5966963d6,https://www.cea.com.br/,6628a69a-e98b-4d97-b1ab-1853a88acd6e,cea,https://www.cea.com.br/,1.727802653693e+12
https://cea.vtexassets.com/assets/vtex.file-manager-graphql/images/73ce03f0-fddf-40c3-a3cf-2ada5b2c765c___f0521c425b02ee20e754a42b9c1c4cb3.png,master%3A-,mediaRequest,image,13,Event,66c87aa0-30c1-456c-8b12-97b5966963d6,https://www.cea.com.br/,6628a69a-e98b-4d97-b1ab-1853a88acd6e,cea,https://www.cea.com.br/,1.727802660961e+12
